{"text": " Machine learning is employed in a range of computing tasks where designing and programming explicit algorithms with good performance is difficult or infeasible. Example applications include email filtering, detection of network intruders and computer vision. Machine learning is closely related to computational statistics, which also focuses on predictions making through the use of computer. It has strong ties to mathematical optimization, which delivers methods, theory, and application domains to the field.", "segments": [{"id": 0, "seek": 0, "start": 0.0, "end": 7.5600000000000005, "text": " Machine learning is employed in a range of computing tasks where designing and programming explicit algorithms with good performance is difficult or infeasible.", "tokens": [50364, 22155, 2539, 307, 20115, 294, 257, 3613, 295, 15866, 9608, 689, 14685, 293, 9410, 13691, 14642, 365, 665, 3389, 307, 2252, 420, 1536, 68, 296, 964, 13, 50742], "temperature": 0.0, "avg_logprob": -0.18649476703844572, "compression_ratio": 1.7123745819397993, "no_speech_prob": 3.522478436934762e-05}, {"id": 1, "seek": 0, "start": 7.5600000000000005, "end": 13.120000000000001, "text": " Example applications include email filtering, detection of network intruders and computer vision.", "tokens": [50742, 24755, 781, 5821, 4090, 3796, 30822, 11, 17784, 295, 3209, 17467, 532, 433, 293, 3820, 5201, 13, 51020], "temperature": 0.0, "avg_logprob": -0.18649476703844572, "compression_ratio": 1.7123745819397993, "no_speech_prob": 3.522478436934762e-05}, {"id": 2, "seek": 0, "start": 13.120000000000001, "end": 20.240000000000002, "text": " Machine learning is closely related to computational statistics, which also focuses on predictions making through the use of computer.", "tokens": [51020, 22155, 2539, 307, 8185, 4077, 281, 28270, 12523, 11, 597, 611, 16109, 322, 21264, 1455, 807, 264, 764, 295, 3820, 13, 51376], "temperature": 0.0, "avg_logprob": -0.18649476703844572, "compression_ratio": 1.7123745819397993, "no_speech_prob": 3.522478436934762e-05}, {"id": 3, "seek": 0, "start": 20.240000000000002, "end": 26.240000000000002, "text": " It has strong ties to mathematical optimization, which delivers methods, theory, and application domains to the field.", "tokens": [51376, 467, 575, 2068, 14039, 281, 18894, 19618, 11, 597, 24860, 7150, 11, 5261, 11, 293, 3861, 25514, 281, 264, 2519, 13, 51676], "temperature": 0.0, "avg_logprob": -0.18649476703844572, "compression_ratio": 1.7123745819397993, "no_speech_prob": 3.522478436934762e-05}], "language": "en"}